{
  "provinces": [
    "Adana",
    "Adıyaman",
    "Afyonkarahisar",
    "Aksaray",
    "Amasya",
    "Ankara",
    "Antalya",
    "Ardahan",
    "Artvin",
    "Aydın",
    "Ağrı",
    "Balıkesir",
    "Bartın",
    "Batman",
    "Bayburt",
    "Bilecik",
    "Bingöl",
    "Bitlis",
    "Bolu",
    "Burdur",
    "Bursa",
    "Denizli",
    "Diyarbakır",
    "Düzce",
    "Edirne",
    "Elazığ",
    "Erzincan",
    "Erzurum",
    "Eskişehir",
    "Gaziantep",
    "Giresun",
    "Gümüşhane",
    "Hakkâri",
    "Hatay",
    "Isparta",
    "Istanbul",
    "Iğdır",
    "Kahramanmaraş",
    "Karabük",
    "Karaman",
    "Kars",
    "Kastamonu",
    "Kayseri",
    "Kilis",
    "Kocaeli",
    "Konya",
    "Kütahya",
    "Kırklareli",
    "Kırıkkale",
    "Kırşehir",
    "Malatya",
    "Manisa",
    "Mardin",
    "Mersin",
    "Muğla",
    "Muş",
    "Nevşehir",
    "Niğde",
    "Ordu",
    "Osmaniye",
    "Rize",
    "Sakarya",
    "Samsun",
    "Siirt",
    "Sinop",
    "Sivas",
    "Tekirdağ",
    "Tokat",
    "Trabzon",
    "Tunceli",
    "Uşak",
    "Van",
    "Yalova",
    "Yozgat",
    "Zonguldak",
    "Çanakkale",
    "Çankırı",
    "Çorum",
    "İzmir",
    "Şanlıurfa",
    "Şırnak"
  ],
  "districts": {
    "Istanbul": "Istanbul",
    "Ankara": "Ankara",
    "İzmir": "İzmir",
    "Bursa": "Bursa",
    "Adana": "Adana",
    "Gaziantep": "Gaziantep",
    "Konya": "Konya",
    "Antalya": "Antalya",
    "Kayseri": "Kayseri",
    "Mersin": "Mersin",
    "Eskişehir": "Eskişehir",
    "Diyarbakır": "Diyarbakır",
    "Samsun": "Samsun",
    "Denizli": "Denizli",
    "Şanlıurfa": "Şanlıurfa",
    "Adapazarı": "Sakarya",
    "Malatya": "Malatya",
    "Kahramanmaraş": "Kahramanmaraş",
    "Erzurum": "Erzurum",
    "Van": "Van",
    "Batman": "Batman",
    "Elazığ": "Elazığ",
    "İzmit": "Kocaeli",
    "Manisa": "Manisa",
    "Sivas": "Sivas",
    "Gebze": "Kocaeli",
    "Balıkesir": "Balıkesir",
    "Tarsus": "Mersin",
    "Kütahya": "Kütahya",
    "Trabzon": "Trabzon",
    "Çorum": "Çorum",
    "Çorlu": "Tekirdağ",
    "Adıyaman": "Adıyaman",
    "Osmaniye": "Osmaniye",
    "Kırıkkale": "Kırıkkale",
    "Antakya": "Hatay",
    "Aydın": "Aydın",
    "İskenderun": "Hatay",
    "Uşak": "Uşak",
    "Aksaray": "Aksaray",
    "Afyon": "Afyon",
    "Isparta": "Isparta",
    "İnegöl": "Bursa",
    "Tekirdağ": "Tekirdağ",
    "Edirne": "Edirne",
    "Darıca": "Kocaeli",
    "Ordu": "Ordu",
    "Karaman": "Karaman",
    "Gölcük": "Kocaeli",
    "Siirt": "Siirt",
    "Körfez": "Kocaeli",
    "Kızıltepe": "Mardin",
    "Düzce": "Düzce",
    "Tokat": "Tokat",
    "Bolu": "Bolu",
    "Derince": "Kocaeli",
    "Turgutlu": "Manisa",
    "Bandırma": "Balıkesir",
    "Nazilli": "Aydın",
    "Kırşehir": "Kırşehir",
    "Niğde": "Niğde",
    "Zonguldak": "Zonguldak",
    "Ceyhan": "Adana",
    "Karabük": "Karabük",
    "Siverek": "Şanlıurfa",
    "Akhisar": "Manisa",
    "Lüleburgaz": "Kırklareli",
    "Karadeniz Ereğli": "Zonguldak",
    "Ağrı": "Ağrı",
    "Polatlı": "Ankara",
    "Rize": "Rize",
    "Salihli": "Manisa",
    "Ereğli": "Konya",
    "Cizre": "Şırnak",
    "Nizip": "Gaziantep",
    "Çanakkale": "Çanakkale",
    "Yalova": "Yalova",
    "Alanya": "Antalya",
    "Giresun": "Giresun",
    "Viranşehir": "Şanlıurfa",
    "Bingöl": "Bingöl",
    "Amasya": "Amasya",
    "Kastamonu": "Kastamonu",
    "Elbistan": "Kahramanmaraş",
    "Erzincan": "Erzincan",
    "Nevşehir": "Nevşehir",
    "Nusaybin": "Mardin",
    "Kartepe": "Kocaeli",
    "Çayırova": "Kocaeli",
    "Mardin": "Mardin",
    "Manavgat": "Antalya",
    "Bafra": "Samsun",
    "Kilis": "Kilis",
    "Kadirli": "Osmaniye",
    "Kars": "Kars",
    "Iğdır": "Iğdır",
    "Ünye": "Ordu",
    "Kozan": "Adana",
    "Soma": "Manisa",
    "Silopi": "Şırnak",
    "Ödemiş": "İzmir",
    "Muş": "Muş",
    "Burdur": "Burdur",
    "Yozgat": "Yozgat",
    "Fethiye": "Muğla",
    "Erciş": "Van",
    "Çerkezköy": "Tekirdağ",
    "Dörtyol": "Hatay",
    "Çankırı": "Çankırı",
    "Kırıkhan": "Hatay",
    "Söke": "Aydın",
    "Kırklareli": "Kırklareli",
    "Hakkâri": "Hakkâri",
    "Şırnak": "Şırnak",
    "Doğubayazıt": "Ağrı",
    "Başiskele": "Kocaeli",
    "Kuşadası": "Aydın",
    "Ergani": "Diyarbakır",
    "Tavşanlı": "Kütahya",
    "Muğla": "Muğla",
    "Turhal": "Tokat",
    "Yüksekova": "Hakkâri",
    "Tatvan": "Bitlis",
    "Reyhanlı": "Hatay",
    "Kahta": "Adıyaman",
    "Akşehir": "Konya",
    "Bergama": "İzmir",
    "Erbaa": "Tokat",
    "Bozüyük": "Bilecik",
    "Çarşamba": "Samsun",
    "Mustafakemalpaşa": "Bursa",
    "Patnos": "Ağrı",
    "Orhangazi": "Bursa",
    "Bismil": "Diyarbakır",
    "Sorgun": "Yozgat",
    "Keşan": "Edirne",
    "Midyat": "Mardin",
    "Merzifon": "Amasya",
    "Bartın": "Bartın",
    "Kapaklı": "Tekirdağ",
    "Milas": "Muğla",
    "Karacabey": "Bursa",
    "Suruç": "Şanlıurfa",
    "Edremit": [
      "Balıkesir",
      "Van"
    ],
    "Tire": "İzmir",
    "Fatsa": "Ordu",
    "Silifke": "Mersin",
    "Alaşehir": "Manisa",
    "Didim": "Aydın",
    "Serik": "Antalya",
    "Bilecik": "Bilecik",
    "Karamürsel": "Kocaeli",
    "Bitlis": "Bitlis",
    "Birecik": "Şanlıurfa",
    "Karaköprü": "Şanlıurfa",
    "Samandağ": "Hatay",
    "Erdemli": "Mersin",
    "Ceylanpınar": "Şanlıurfa",
    "Gönen": "Balıkesir",
    "Dilovası": "Kocaeli",
    "Düziçi": "Osmaniye",
    "Uzunköprü": "Edirne",
    "Biga": "Çanakkale",
    "Seydişehir": "Konya",
    "Silvan": "Diyarbakır",
    "Afşin": "Kahramanmaraş",
    "Burhaniye": "Balıkesir",
    "Suluova": "Amasya",
    "Bucak": "Burdur",
    "Sinop": "Sinop",
    "Develi": "Kayseri",
    "Bulancak": "Giresun",
    "Bor": "Niğde",
    "Safranbolu": "Karabük",
    "Akçaabat": "Trabzon",
    "Ayvalık": "Balıkesir",
    "Marmaris": "Muğla",
    "Payas": "Hatay",
    "Sungurlu": "Çorum",
    "Beypazarı": "Ankara",
    "Zile": "Tokat",
    "Kozlu": "Zonguldak",
    "Sandıklı": "Afyon",
    "Bodrum": "Muğla",
    "Bayburt": "Bayburt",
    "Anamur": "Mersin",
    "Karapınar": "Konya",
    "Niksar": "Tokat",
    "Terme": "Samsun",
    "Ilgın": "Konya",
    "İslahiye": "Gaziantep",
    "Beyşehir": "Konya",
    "Erzin": "Hatay",
    "Bolvadin": "Afyon",
    "Tunceli": "Tunceli",
    "Yenişehir": "Bursa",
    "Yerköy": "Yozgat",
    "Çumra": "Konya",
    "Karasu": "Sakarya",
    "Babaeski": "Kırklareli",
    "Malkara": "Tekirdağ",
    "Çan": "Çanakkale",
    "Kumluca": "Antalya",
    "Kurtalan": "Siirt",
    "Ortaca": "Muğla",
    "Şereflikoçhisar": "Ankara",
    "Pazarcık": "Kahramanmaraş",
    "Mut": "Mersin",
    "Gölbaşı": "Adıyaman",
    "Tosya": "Kastamonu",
    "Vezirköprü": "Samsun",
    "Boyabat": "Sinop",
    "Osmancık": "Çorum",
    "Besni": "Adıyaman",
    "Sarıkamış": "Kars",
    "Simav": "Kütahya",
    "Dinar": "Afyon",
    "Artvin": "Artvin",
    "Gümüşhane": "Gümüşhane",
    "Susurluk": "Balıkesir",
    "Akçakale": "Şanlıurfa",
    "Kilimli": "Zonguldak",
    "Harbiye": "Hatay",
    "İdil": "Şırnak",
    "Ardeşen": "Rize",
    "Dalaman": "Muğla",
    "Gelibolu": "Çanakkale",
    "Erdek": "Balıkesir",
    "Gazipaşa": "Antalya",
    "Akçakoca": "Düzce",
    "Çaycuma": "Zonguldak",
    "Çeşme": "İzmir",
    "Kemer": "Antalya",
    "Belen": "Hatay",
    "Saray": "Tekirdağ",
    "İznik": "Bursa",
    "Alaca": "Çorum",
    "Gerede": "Bolu",
    "Devrek": "Zonguldak",
    "Akdağmadeni": "Yozgat",
    "Kaman": "Kırşehir",
    "Serinyol": "Hatay",
    "Kozluk": "Batman",
    "Bulanık": "Muş",
    "Sarıkaya": "Yozgat",
    "Kulu": "Konya",
    "Şarkışla": "Sivas",
    "Korkuteli": "Antalya",
    "Oltu": "Erzurum",
    "Geyve": "Sakarya",
    "İmamoğlu": "Adana",
    "Çine": "Aydın",
    "Çivril": "Denizli",
    "Göksun": "Kahramanmaraş",
    "Derik": "Mardin",
    "Hilvan": "Şanlıurfa",
    "Çayeli": "Rize",
    "İskilip": "Çorum",
    "Havza": "Samsun",
    "Yahyalı": "Kayseri",
    "Hayrabolu": "Tekirdağ",
    "İncirliova": "Aydın",
    "Kovancılar": "Elazığ",
    "Güroymak": "Bitlis",
    "Muratlı": "Tekirdağ",
    "Malazgirt": "Muş",
    "Diyadin": "Ağrı",
    "Emirdağ": "Afyon",
    "Alaplı": "Zonguldak",
    "Bostaniçi": "Van",
    "Gediz": "Kütahya",
    "Sarayköy": "Denizli",
    "Yalvaç": "Isparta",
    "Mahmutlar": "Antalya",
    "Demirci": "Manisa",
    "Ortaköy": "Aksaray",
    "Turgutreis": "Muğla",
    "Karaağaç": [
      "Hatay",
      "Edirne"
    ],
    "Yatağan": "Muğla",
    "Nurdağı": "Gaziantep",
    "Çiftlikköy": "Yalova",
    "Battalgazi": "Malatya",
    "Çermik": "Diyarbakır",
    "Dargeçit": "Mardin",
    "Genç": "Bingöl",
    "Dursunbey": "Balıkesir",
    "Horasan": "Erzurum",
    "Gümüşhacıköy": "Amasya",
    "Kızılcahamam": "Ankara",
    "Pamukova": "Sakarya",
    "Eğirdir": "Isparta",
    "Şarköy": "Tekirdağ",
    "Boğazlıyan": "Yozgat",
    "Hopa": "Artvin",
    "Yeşilli": "Mardin",
    "Dikili": "İzmir",
    "Ahlat": "Bitlis",
    "Ardahan": "Ardahan",
    "Ürgüp": "Nevşehir",
    "Çekmece": "Hatay",
    "Taşköprü": "Kastamonu",
    "Zeytinli": "Balıkesir",
    "Eskil": "Aksaray",
    "Muradiye": "Van",
    "Espiye": "Giresun",
    "Bozyazı": "Mersin",
    "Bigadiç": "Balıkesir",
    "Kırkağaç": "Manisa",
    "Saruhanlı": "Manisa",
    "Demre": "Antalya",
    "Kızılpınar": "Tekirdağ",
    "Pazar": "Rize",
    "Cihanbeyli": "Konya",
    "Marmaraereğlisi": "Tekirdağ",
    "Altınoluk": "Balıkesir",
    "Banaz": "Uşak",
    "Görele": "Giresun",
    "Buldan": "Denizli",
    "Elmalı": "Antalya",
    "Araklı": "Trabzon",
    "Of": "Trabzon",
    "Çaldıran": "Van",
    "Şemdinli": "Hakkâri",
    "Denizciler": "Hatay",
    "Arhavi": "Artvin",
    "Side": "Antalya",
    "Armutalan": "Muğla",
    "Vakfıkebir": "Trabzon",
    "Aybastı": "Ordu",
    "Karakoçan": "Elazığ",
    "Obaköy": "Antalya",
    "Narlıca": "Hatay",
    "Türkoğlu": "Kahramanmaraş",
    "Solhan": "Bingöl",
    "Çay": "Afyon",
    "Osmaneli": "Bilecik",
    "Kadınhanı": "Konya",
    "Pelitli": "Trabzon",
    "Sürmene": "Trabzon",
    "Kelkit": "Gümüşhane",
    "Pasinler": "Erzurum",
    "Kağızman": "Kars",
    "Suşehri": "Sivas",
    "Ilıca": "Antalya",
    "Sarıgöl": "Manisa",
    "Tirebolu": "Giresun",
    "Başkale": "Van",
    "Bayramiç": "Çanakkale",
    "Karaçulha": "Muğla",
    "Korgan": "Ordu",
    "Eşme": "Uşak",
    "Gölhisar": "Burdur",
    "Sındırgı": "Balıkesir",
    "Arsin": "Trabzon",
    "Ortaklar": "Aydın",
    "Bahçe": "Osmaniye",
    "Uludere": "Şırnak",
    "Konaklı": "Antalya",
    "Kocaali": "Sakarya",
    "Çağlayancerit": "Kahramanmaraş",
    "Germencik": "Aydın",
    "Kadıkendi": "Şanlıurfa",
    "Şarkikaraağaç": "Isparta",
    "Çelebibağı": "Van",
    "Bünyan": "Kayseri",
    "Çınarcık": "Yalova",
    "Şuhut": "Afyon",
    "Tavas": "Denizli",
    "Mucur": "Kırşehir",
    "Beşikdüzü": "Trabzon",
    "Kumru": "Ordu",
    "Nallıhan": "Ankara",
    "Acıpayam": "Denizli",
    "Kınık": "İzmir",
    "Sason": "Batman",
    "Vize": "Kırklareli",
    "Hasköy": "Muş",
    "Finike": "Antalya",
    "Doğanşehir": "Malatya",
    "İscehisar": "Afyon",
    "Özalp": "Van",
    "Çifteler": "Eskişehir",
    "Kuzuculu": "Hatay",
    "Tömük": "Mersin",
    "Küçükköy": "Balıkesir",
    "Ezine": "Çanakkale",
    "Taşova": "Amasya",
    "Pınarhisar": "Kırklareli",
    "Kargıpınarı": "Mersin",
    "Avanos": "Nevşehir",
    "Yeniceköy": "Bursa",
    "Gördes": "Manisa",
    "Gölköy": "Ordu",
    "Zara": "Sivas",
    "Umurlu": "Aydın",
    "Gerze": "Sinop",
    "Ondokuzmayıs": "Samsun",
    "Datça": "Muğla",
    "Pınarbaşı": "Kayseri",
    "Çınar": "Diyarbakır",
    "Ayancık": "Sinop",
    "Lice": "Diyarbakır",
    "Alaçam": "Samsun",
    "Serinhisar": "Denizli",
    "Yalıkavak": "Muğla",
    "Yomra": "Trabzon",
    "Yeşilköy": "Hatay",
    "Havran": "Balıkesir",
    "Çukurca": "Hakkâri",
    "Bozova": "Şanlıurfa",
    "Lapseki": "Çanakkale",
    "Altınova": [
      "Balıkesir",
      "Yalova"
    ],
    "Emet": "Kütahya",
    "Akçay": "Balıkesir",
    "Divriği": "Sivas",
    "Davutlar": "Aydın",
    "Derinkuyu": "Nevşehir",
    "Çekerek": "Yozgat",
    "Ermenek": "Karaman",
    "Borçka": "Artvin",
    "Mazıdağı": "Mardin",
    "Alaçatı": "İzmir",
    "Keskin": "Kırıkkale",
    "Kandıra": "Kocaeli",
    "Ahmetli": "Manisa",
    "Şefaatli": "Yozgat",
    "Çamaş": "Ordu",
    "Haymana": "Ankara",
    "Bayat": "Çorum",
    "Büyükyoncalı": "Tekirdağ",
    "Tomarza": "Kayseri",
    "Sultanhanı": "Aksaray",
    "Kepez": "Çanakkale",
    "Tunçbilek": "Kütahya",
    "Adilcevaz": "Bitlis",
    "Bozdoğan": "Aydın",
    "Gevaş": "Van",
    "Gelinkaya": "Mardin",
    "Aşkale": "Erzurum",
    "Kangal": "Sivas",
    "Turgutalp": "Manisa",
    "Köşk": "Aydın",
    "Yahşihan": "Kırıkkale",
    "Cikcilli": "Antalya",
    "Acarlar": "Aydın",
    "Pozantı": "Adana",
    "Yenice": [
      "Karabük",
      "Mersin",
      "Çanakkale"
    ],
    "Sivrihisar": "Eskişehir",
    "Eruh": "Siirt",
    "Gölmarmara": "Manisa",
    "Kulp": "Diyarbakır",
    "Söğüt": "Bilecik",
    "Taşucu": "Mersin",
    "Odabaşı": "Hatay",
    "Fındıklı": "Rize",
    "Perşembe": "Ordu",
    "Gölyaka": "Düzce",
    "Şebinkarahisar": "Giresun",
    "Araban": "Gaziantep",
    "Hassa": "Hatay",
    "Akçadağ": "Malatya",
    "Savaştepe": "Balıkesir",
    "Kaynaşlı": "Düzce",
    "Karayılan": "Hatay",
    "Reşadiye": "Tokat",
    "Hizan": "Bitlis",
    "Sarayönü": "Konya",
    "Hani": "Diyarbakır",
    "Palu": "Elazığ",
    "İnebolu": "Kastamonu",
    "Honaz": "Denizli",
    "Gürün": "Sivas",
    "Beşiri": "Batman",
    "Yunak": "Konya",
    "Yeşilhisar": "Kayseri",
    "Avsallar": "Antalya",
    "Yıldızeli": "Sivas",
    "Varto": "Muş",
    "Mavikent": "Antalya",
    "Halfeti": "Şanlıurfa",
    "Pertek": "Tunceli",
    "Küçükdalyan": "Hatay",
    "Çerkeş": "Çankırı",
    "Yazıkonak": "Elazığ",
    "Akbez": "Hatay",
    "Tekebaşı": "Hatay",
    "Karaçoban": "Erzurum",
    "Karataş": "Adana",
    "Konacık": "Muğla",
    "Hınıs": "Erzurum",
    "İpsala": "Edirne",
    "Çobanlar": "Afyon",
    "Havsa": "Edirne",
    "Çatalağzı": "Zonguldak",
    "Yakınca": "Malatya",
    "Beyoğlu": "Kahramanmaraş",
    "Çayırhan": "Ankara",
    "Sahilkent": "Antalya",
    "Gülşehir": "Nevşehir",
    "Darende": "Malatya",
    "Ladik": [
      "Samsun",
      "Konya"
    ],
    "Koru": "Yalova",
    "Kestel": "Antalya",
    "Eleşkirt": "Ağrı",
    "Sultanköy": "Tekirdağ",
    "Dilek": "Malatya",
    "Yeniçiftlik": "Tekirdağ",
    "Turunçova": "Antalya",
    "Gözcüler": "Hatay",
    "Köyceğiz": "Muğla",
    "Sarılar": "Antalya",
    "Eynesil": "Giresun",
    "Mykropenos": "Antalya",
    "Aydıncık": "Mersin",
    "Tuzluca": "Iğdır",
    "Çelikhan": "Adıyaman",
    "Söğütlü": "Trabzon",
    "Kiraz": "İzmir",
    "Kabala": "Mardin",
    "Dicle": "Diyarbakır",
    "Toprakkale": "Osmaniye",
    "Yeşilyurt": "Malatya",
    "Yurtbaşı": "Elazığ",
    "Bostanbaşı": "Malatya",
    "Yeniceoba": "Konya",
    "Savur": "Mardin",
    "Kale": "Denizli",
    "Savuca": "Aydın",
    "Andırın": "Kahramanmaraş",
    "Keşap": "Giresun",
    "Hekimhan": "Malatya",
    "İsmil": "Konya",
    "Narlı": "Kahramanmaraş",
    "Kuyucak": "Aydın",
    "Gürgentepe": "Ordu",
    "Çilimli": "Düzce",
    "Orhaneli": "Bursa",
    "Beldibi": "Muğla",
    "Göle": "Ardahan",
    "Aktepe": "Hatay",
    "Ayvacık": "Çanakkale",
    "Çayıralan": "Yozgat",
    "Bozkır": "Konya",
    "Saraykent": "Yozgat",
    "Tonya": "Trabzon",
    "Kavak": "Samsun",
    "Keçiborlu": "Isparta",
    "Ovaeymir": "Aydın",
    "Çolaklı": "Antalya",
    "İçeriçumra": "Konya",
    "Maçka": "Trabzon",
    "Bitez": "Muğla",
    "Yağlıdere": "Giresun",
    "Çarşıbaşı": "Trabzon",
    "Durağan": "Sinop",
    "Kozaklı": "Nevşehir",
    "Piraziz": "Giresun",
    "Bekbele": "Hatay",
    "Şekeroba": "Kahramanmaraş",
    "Arıtaş": "Kahramanmaraş",
    "Atça": "Aydın",
    "Gökçebey": "Zonguldak",
    "Ulukışla": "Niğde",
    "Gülüç": "Zonguldak",
    "Sakçagöze": "Gaziantep",
    "Atayurt": "Mersin",
    "Işıklar": "Afyon",
    "Uluborlu": "Isparta",
    "Göynük": "Bolu",
    "Ilgaz": "Çankırı",
    "Atakent": "Mersin",
    "Çiçekdağı": "Kırşehir",
    "Gökçe": "Mardin",
    "Buharkent": "Aydın",
    "Velimeşe": "Tekirdağ",
    "Şiran": "Gümüşhane"
  }
}